Step,BLOB_EnsembleEnsemble_BLOB_maxsat60_20250514_212645 - best_value,CSV_VBLL_maxsat60_dense_precision_multirank_20250514_202254 - best_value,DeepEnsemble_maxsat60_std_20250514_201731 - best_value,DeepEnsemble_maxsat60_std_20250514_182748 - best_value,CSV_VBLL_maxsat60_dense_precision_multirank_20250514_182341 - best_value,maxsat60_mlp_20250514_171313 - best_value,maxsat60_mlp_20250514_161204 - best_value,DeepEnsemble_maxsat60_std_20250514_150405 - best_value,CSV_VBLL_maxsat60_dense_precision_multirank_20250514_144328 - best_value,BLOB_EnsembleEnsemble_BLOB_maxsat60_20250514_122241 - best_value,CSV_BLOB_maxsat60_20250514_104547 - best_value,CSV_BLOB_maxsat60_20250514_215952 - best_value,CSV_VBLL_maxsat60_dense_precision_multirank_20250514_215952 - best_value
0,-181.6891937,-189.1309509,-188.8242798,-185.2567444,-188.8242798,-185.8700562,-189.1309509,-188.8242798,-149.1621857,-159.3639221,-181.9958496,-182.3025208,-182.3025208
1,,-189.1309509,-188.8242798,-185.8700562,-188.8242798,-185.8700562,-189.1309509,-188.8242798,-188.8242798,,-181.9958496,-189.1309509,-189.1309509
2,-184.9500732,-189.1309509,-189.1309509,-188.8242798,-188.8242798,-189.1309509,-192.3918152,-188.8242798,-188.8242798,-184.9500732,-189.1309509,-189.1309509,-189.1309509
3,,-189.1309509,-189.1309509,-188.8242798,-189.1309509,-189.1309509,-192.3918152,-188.8242798,-188.8242798,,-189.1309509,-189.1309509,-189.1309509
4,-189.1309509,-189.1309509,-189.1309509,-189.1309509,-189.1309509,-189.1309509,-192.3918152,-188.8242798,-188.8242798,-185.5634003,-189.1309509,-189.1309509,-189.1309509
5,,-189.1309509,-189.1309509,-189.1309509,-189.1309509,-189.1309509,-192.3918152,-188.8242798,-189.1309509,,-189.1309509,-189.1309509,-189.1309509
6,-189.1309509,-189.1309509,-189.1309509,-189.1309509,-189.1309509,-189.1309509,-192.3918152,-188.8242798,-189.1309509,-185.5634003,-189.1309509,-189.1309509,-189.1309509
7,,-189.1309509,-189.1309509,-192.3918152,-189.1309509,-189.1309509,-192.3918152,-189.1309509,-189.1309509,,-189.1309509,-189.1309509,-189.1309509
8,-189.1309509,-189.1309509,-189.1309509,-192.3918152,-189.1309509,-189.1309509,-192.3918152,-189.1309509,-189.1309509,-185.5634003,-189.1309509,-189.1309509,-189.1309509
9,,-189.1309509,-189.1309509,-192.3918152,-189.1309509,-189.1309509,-192.3918152,-189.1309509,-189.1309509,,-189.1309509,-189.1309509,-189.1309509
10,-189.1309509,-189.1309509,-189.1309509,-192.3918152,-189.1309509,-189.1309509,-192.3918152,-189.1309509,-189.1309509,-185.5634003,-189.1309509,,-189.1309509
11,,-189.1309509,-189.1309509,-192.3918152,-189.1309509,-189.1309509,-192.3918152,-189.1309509,-189.1309509,,-189.1309509,,-189.1309509
12,-189.1309509,-189.1309509,-189.1309509,-192.3918152,-189.1309509,-189.1309509,-192.3918152,-189.1309509,-189.1309509,-185.5634003,-189.1309509,,-189.1309509
13,,-189.1309509,-189.1309509,-192.3918152,-189.1309509,-189.1309509,-192.3918152,-189.1309509,-189.1309509,,-189.1309509,,-189.1309509
14,-189.1309509,-189.1309509,-189.1309509,-192.3918152,-189.1309509,-189.1309509,-192.3918152,-189.1309509,-189.1309509,-185.5634003,-189.1309509,,-189.1309509
15,,-189.1309509,-189.1309509,-192.3918152,-189.1309509,-189.1309509,-192.3918152,-189.1309509,-189.1309509,,-189.1309509,,-189.1309509
16,-189.1309509,-189.1309509,-189.1309509,-192.3918152,-189.1309509,-189.1309509,-192.3918152,-189.1309509,-189.1309509,-185.5634003,-189.1309509,,-189.1309509
17,,-189.1309509,-189.1309509,-192.3918152,-189.1309509,-189.1309509,-192.3918152,-189.1309509,-189.1309509,,-189.1309509,,-189.1309509
18,-189.1309509,-189.1309509,-189.1309509,-192.3918152,-189.1309509,-189.1309509,-192.3918152,-189.1309509,-189.1309509,-189.1309509,-189.1309509,,-189.1309509
19,,-189.1309509,-189.1309509,-192.3918152,-189.1309509,-189.1309509,-192.3918152,-189.1309509,-189.1309509,,-189.1309509,,-189.1309509
20,-189.1309509,-189.1309509,-189.1309509,-192.3918152,-189.1309509,-189.1309509,-192.3918152,-189.1309509,-189.1309509,-189.1309509,-189.1309509,,-189.1309509
21,,-189.1309509,-189.1309509,-192.3918152,-189.1309509,-189.1309509,-192.3918152,-189.1309509,-189.1309509,,-189.1309509,,-189.1309509
22,-189.1309509,-192.3918152,-189.1309509,-192.3918152,-189.1309509,-189.1309509,-192.3918152,-189.1309509,-189.1309509,-189.1309509,-189.1309509,,-189.1309509
23,,-192.3918152,-189.1309509,-192.3918152,-189.1309509,-189.1309509,-192.3918152,-189.1309509,-189.1309509,,-189.1309509,,-189.1309509
24,-189.1309509,-192.3918152,-189.1309509,-192.3918152,-189.1309509,-189.1309509,-192.3918152,-189.1309509,-189.1309509,-189.1309509,-189.1309509,,-189.1309509
25,,-192.3918152,-189.1309509,-192.3918152,-189.1309509,-189.1309509,-192.3918152,-189.1309509,-189.1309509,,-189.1309509,,-189.1309509
26,-189.1309509,-192.3918152,-189.1309509,-192.3918152,-189.1309509,-189.1309509,-192.3918152,-189.1309509,-189.1309509,-189.1309509,-189.1309509,,-189.1309509
27,,-192.3918152,-189.1309509,-192.3918152,-189.1309509,-189.1309509,-192.3918152,-189.1309509,-189.1309509,,-189.1309509,,-189.1309509
28,-189.1309509,-192.3918152,-189.1309509,-192.3918152,-189.1309509,-189.1309509,-192.3918152,-189.1309509,-189.1309509,-189.1309509,-189.1309509,,-189.1309509
29,,-192.3918152,-189.1309509,-192.3918152,-189.1309509,-189.1309509,-192.3918152,-189.1309509,-189.1309509,,-189.1309509,,-189.1309509
30,-189.1309509,-192.3918152,-189.1309509,-192.3918152,-189.1309509,-189.1309509,-192.3918152,-189.1309509,-189.1309509,-189.1309509,-189.1309509,,-189.1309509
31,,-192.3918152,-189.1309509,-192.3918152,-189.1309509,-189.1309509,-192.3918152,-189.1309509,-189.1309509,,-189.1309509,,-192.3918152
32,-189.1309509,-192.3918152,-189.1309509,-192.3918152,-189.1309509,-189.1309509,-192.3918152,-189.1309509,-189.1309509,-189.1309509,-189.1309509,,-192.3918152
33,,-192.3918152,-189.1309509,-192.3918152,-189.1309509,-189.1309509,-192.3918152,-189.1309509,-189.1309509,,-189.1309509,,-192.3918152
34,-189.1309509,-192.3918152,-189.1309509,-192.3918152,-189.1309509,-189.1309509,-192.3918152,-189.1309509,-189.1309509,-189.1309509,-189.1309509,,-192.3918152
35,,-192.3918152,-189.1309509,-192.3918152,-189.1309509,-189.1309509,-192.3918152,-189.1309509,-189.1309509,,-189.1309509,,-192.3918152
36,-189.1309509,-192.3918152,-189.1309509,-192.3918152,-189.1309509,-189.1309509,-192.3918152,-189.1309509,-189.1309509,-189.1309509,-189.1309509,,-192.3918152
37,,-192.3918152,-189.1309509,-192.3918152,-189.1309509,-189.1309509,-192.3918152,-189.1309509,-189.1309509,,-189.1309509,,-192.3918152
38,-189.1309509,-192.3918152,-189.1309509,-192.3918152,-189.1309509,-189.1309509,-192.3918152,-189.1309509,-189.1309509,-189.1309509,-189.1309509,,-192.3918152
39,,-192.3918152,-189.1309509,-192.3918152,-189.1309509,-189.1309509,-192.3918152,-189.1309509,-189.1309509,,-189.1309509,,-192.3918152
40,-189.1309509,-192.3918152,-189.1309509,-192.3918152,-189.1309509,-189.1309509,-192.3918152,-189.1309509,-189.1309509,-189.1309509,-189.1309509,,-192.3918152
41,,-192.3918152,-189.1309509,-192.3918152,-189.1309509,-189.1309509,-192.3918152,-189.1309509,-189.1309509,,-189.1309509,,-192.3918152
42,-189.1309509,-192.3918152,-189.1309509,-192.3918152,-189.1309509,-189.1309509,-192.3918152,-189.1309509,-189.1309509,-189.1309509,-189.1309509,,-192.3918152
43,,-192.3918152,-189.1309509,-192.3918152,-189.1309509,-189.1309509,-192.3918152,-189.1309509,-189.1309509,,-189.1309509,,-192.3918152
44,-189.1309509,-192.3918152,-189.1309509,-192.3918152,-189.1309509,-189.1309509,-192.3918152,-189.1309509,-189.1309509,-189.1309509,-189.1309509,,-192.3918152
45,,-192.3918152,-189.1309509,-192.3918152,-189.1309509,-189.1309509,-192.3918152,-189.1309509,-189.1309509,,-189.1309509,,-192.3918152
46,-189.1309509,-192.3918152,-189.1309509,-192.3918152,-189.1309509,-189.1309509,-192.3918152,-189.1309509,-189.1309509,-189.1309509,-189.1309509,,-192.3918152
47,,-192.3918152,-189.1309509,-192.3918152,-189.1309509,-189.1309509,-192.3918152,-189.1309509,-189.1309509,,-189.1309509,,-192.3918152
48,-189.1309509,-192.3918152,-189.1309509,-192.3918152,-189.1309509,-189.1309509,-192.3918152,-189.1309509,-189.1309509,-189.1309509,-189.1309509,,-192.3918152
49,,-192.3918152,-189.1309509,-192.3918152,-189.1309509,-189.1309509,-192.3918152,-189.1309509,-189.1309509,,-189.1309509,,-192.3918152
50,-189.1309509,-192.3918152,-189.1309509,-192.3918152,-189.1309509,-189.1309509,-192.3918152,-189.1309509,-189.1309509,-189.1309509,-189.1309509,,-192.3918152
51,,-192.3918152,-189.1309509,-192.3918152,-189.1309509,-189.1309509,-192.3918152,-189.1309509,-189.1309509,,-189.1309509,,-192.3918152
52,-189.1309509,-192.3918152,-189.1309509,-192.3918152,-189.1309509,-189.1309509,-192.3918152,-189.1309509,-189.1309509,-189.1309509,-189.1309509,,-192.3918152
53,,-192.3918152,-189.1309509,-192.3918152,-189.1309509,-189.1309509,-192.3918152,-189.1309509,-189.1309509,,-189.1309509,,-192.3918152
54,-189.1309509,-192.3918152,-189.1309509,-192.3918152,-189.1309509,-189.1309509,-192.3918152,-189.1309509,-189.1309509,-189.1309509,-189.1309509,,-192.3918152
55,,-192.3918152,-189.1309509,-192.3918152,-189.1309509,-189.1309509,-192.3918152,-189.1309509,-189.1309509,,-189.1309509,,-192.3918152
56,-189.1309509,-192.3918152,-189.1309509,-192.3918152,-189.1309509,-189.1309509,-192.3918152,-189.1309509,-189.1309509,-189.1309509,-189.1309509,,-192.3918152
57,,-192.3918152,-189.1309509,-192.3918152,-189.1309509,-189.1309509,-192.3918152,-189.1309509,-189.1309509,,-189.1309509,,-192.3918152
58,-189.1309509,-192.3918152,-189.1309509,-192.3918152,-189.1309509,-189.1309509,-192.3918152,-189.1309509,-189.1309509,-189.1309509,-189.1309509,,-192.3918152
59,,-192.3918152,-189.1309509,-192.3918152,-189.1309509,-189.1309509,-192.3918152,-189.1309509,-189.1309509,,-189.1309509,,-192.3918152
60,-189.1309509,-192.3918152,-189.1309509,-192.3918152,-189.1309509,-189.1309509,-192.3918152,-189.1309509,-189.1309509,-189.1309509,-189.1309509,,-192.3918152
61,,-192.3918152,-189.1309509,-192.3918152,-189.1309509,-189.1309509,-192.3918152,-189.1309509,-189.1309509,,-189.1309509,,-192.3918152
62,-189.1309509,-192.3918152,-189.1309509,-192.3918152,-189.1309509,-189.1309509,-192.3918152,-189.1309509,-189.1309509,-189.1309509,-189.1309509,,-192.3918152
63,,-192.3918152,-189.1309509,-192.3918152,-189.1309509,-189.1309509,-192.3918152,-189.1309509,-189.1309509,,-189.1309509,,-192.3918152
64,-189.1309509,-192.3918152,-189.1309509,-192.3918152,-189.1309509,-189.1309509,-192.3918152,-189.1309509,-189.1309509,-189.1309509,-189.1309509,,-192.3918152
65,,-192.3918152,-189.1309509,-192.3918152,-192.3918152,-189.1309509,-192.3918152,-189.1309509,-189.1309509,,-189.1309509,,-192.3918152
66,-189.1309509,-192.3918152,-189.1309509,-192.3918152,-192.3918152,-189.1309509,-192.3918152,-189.1309509,-189.1309509,-189.1309509,-189.1309509,,-192.3918152
67,,-192.3918152,-189.1309509,-192.3918152,-192.3918152,-189.1309509,-192.3918152,-189.1309509,-189.1309509,,-189.1309509,,-192.3918152
68,-192.3918152,-192.3918152,-189.1309509,-192.3918152,-192.3918152,-189.1309509,-192.3918152,-189.1309509,-192.3918152,-189.1309509,-189.1309509,,-192.3918152
69,,-192.3918152,-189.1309509,-192.3918152,-192.3918152,-189.1309509,-192.3918152,-189.1309509,-192.3918152,,-189.1309509,,-192.3918152
70,-192.3918152,-192.3918152,-189.1309509,-192.3918152,-192.3918152,-189.1309509,-192.3918152,-189.1309509,-192.3918152,-189.1309509,-189.1309509,,-192.3918152
71,,-192.3918152,-189.1309509,-192.3918152,-192.3918152,-189.1309509,-192.3918152,-189.1309509,-192.3918152,,-189.1309509,,-192.3918152
72,-192.3918152,-192.3918152,-189.1309509,-192.3918152,-192.3918152,-189.1309509,-192.3918152,-189.1309509,-192.3918152,-189.1309509,-189.1309509,,-192.3918152
73,,-192.3918152,-189.1309509,-192.3918152,-192.3918152,-189.1309509,-192.3918152,-189.1309509,-192.3918152,,-189.1309509,,-192.3918152
74,,-192.3918152,-189.1309509,-192.3918152,-192.3918152,-189.1309509,-192.3918152,-189.1309509,-192.3918152,-189.1309509,-189.1309509,,-192.3918152
75,,-192.3918152,-189.1309509,-192.3918152,-192.3918152,-189.1309509,-192.3918152,-189.1309509,-192.3918152,,-189.1309509,,-192.3918152
76,,-192.3918152,-189.1309509,-192.3918152,-192.3918152,-189.1309509,-192.3918152,-189.1309509,-192.3918152,-189.1309509,-189.1309509,,-192.3918152
77,,-192.3918152,-189.1309509,-192.3918152,-192.3918152,-189.1309509,-192.3918152,-189.1309509,-192.3918152,,-189.1309509,,-192.3918152
78,,-192.3918152,-189.1309509,-192.3918152,-192.3918152,-189.1309509,-192.3918152,-189.1309509,-192.3918152,-189.1309509,-189.1309509,,-192.3918152
79,,-192.3918152,-189.1309509,-192.3918152,-192.3918152,-189.1309509,-192.3918152,-189.1309509,-192.3918152,,-189.1309509,,-192.3918152
80,,-192.3918152,-189.1309509,-192.3918152,-192.3918152,-189.1309509,-192.3918152,-189.1309509,-192.3918152,-189.1309509,-189.1309509,,-192.3918152
81,,-192.3918152,-189.1309509,-192.3918152,-192.3918152,-189.1309509,-192.3918152,-189.1309509,-192.3918152,,-189.1309509,,-192.3918152
82,,-192.3918152,-189.1309509,-192.3918152,-192.3918152,-189.1309509,-192.3918152,-189.1309509,-192.3918152,-189.1309509,-189.1309509,,-192.3918152
83,,-192.3918152,-189.1309509,-192.3918152,-192.3918152,-189.1309509,-192.3918152,-189.1309509,-192.3918152,,-189.1309509,,-192.3918152
84,,-192.3918152,-189.1309509,-192.3918152,-192.3918152,-189.1309509,-192.3918152,-189.1309509,-192.3918152,-189.1309509,-189.1309509,,-192.3918152
85,,-192.3918152,-189.1309509,-192.3918152,-192.3918152,-189.1309509,-192.3918152,-189.1309509,-192.3918152,,-189.1309509,,-192.3918152
86,,-192.3918152,-189.1309509,-192.3918152,-192.3918152,-189.1309509,-192.3918152,-189.1309509,-192.3918152,-189.1309509,-189.1309509,,-192.3918152
87,,-192.3918152,-189.1309509,-192.3918152,-192.3918152,-189.1309509,-192.3918152,-189.1309509,-192.3918152,,-189.1309509,,-192.3918152
88,,-192.3918152,-189.1309509,-192.3918152,-192.3918152,-189.1309509,-192.3918152,-189.1309509,-192.3918152,-189.1309509,-189.1309509,,-192.3918152
89,,-192.3918152,-189.1309509,-192.3918152,-192.3918152,-189.1309509,-192.3918152,-189.1309509,-192.3918152,,-189.1309509,,-192.3918152
90,,-192.3918152,-189.1309509,-192.3918152,-192.3918152,-189.1309509,-192.3918152,-192.3918152,-192.3918152,-189.1309509,-189.1309509,,-192.3918152
91,,-192.3918152,-189.1309509,-192.3918152,-192.3918152,,-192.3918152,-192.3918152,-192.3918152,,-189.1309509,,-192.3918152
92,,-192.3918152,-189.1309509,-192.3918152,-192.3918152,,-192.3918152,-192.3918152,-192.3918152,-189.1309509,-189.1309509,,-192.3918152
93,,-192.3918152,-189.1309509,-192.3918152,-192.3918152,,-192.3918152,-192.3918152,-192.3918152,,-189.1309509,,-192.3918152
94,,-192.3918152,-189.1309509,-192.3918152,,,-192.3918152,-192.3918152,-192.3918152,-189.1309509,-189.1309509,,-192.3918152
95,,-192.3918152,-189.1309509,-192.3918152,,,-192.3918152,-192.3918152,-192.3918152,,-189.1309509,,-192.3918152
96,,-192.3918152,-189.1309509,-192.3918152,,,-192.3918152,-192.3918152,-192.3918152,-189.1309509,-189.1309509,,-192.3918152
97,,-192.3918152,-189.1309509,-192.3918152,,,-192.3918152,-192.3918152,-192.3918152,,-189.1309509,,-192.3918152
98,,-192.3918152,-189.1309509,-192.3918152,,,-192.3918152,-192.3918152,-192.3918152,-189.1309509,-189.1309509,,-192.3918152
99,,-192.3918152,-189.1309509,-192.3918152,,,-192.3918152,-192.3918152,-192.3918152,,-189.1309509,,-192.3918152
100,,-192.3918152,-189.1309509,-192.3918152,,,-192.3918152,-192.3918152,-192.3918152,-189.1309509,-189.1309509,,-192.3918152
101,,-192.3918152,-189.1309509,-192.3918152,,,-192.3918152,-192.3918152,-192.3918152,,-189.1309509,,-192.3918152
102,,-192.3918152,-189.1309509,-192.3918152,,,-192.3918152,-192.3918152,,-189.1309509,-189.1309509,,-192.3918152
103,,-192.3918152,-189.1309509,-192.3918152,,,-192.3918152,-192.3918152,,,-189.1309509,,-192.3918152
104,,-192.3918152,-189.1309509,-192.3918152,,,-192.3918152,-192.3918152,,-189.1309509,-189.1309509,,-192.3918152
105,,-192.3918152,-189.1309509,-192.3918152,,,-192.3918152,-192.3918152,,,-189.1309509,,-192.3918152
106,,-192.3918152,-189.1309509,-192.3918152,,,-192.3918152,-192.3918152,,-189.1309509,-189.1309509,,-192.3918152
107,,-192.3918152,-189.1309509,-192.3918152,,,-192.3918152,-192.3918152,,,-189.1309509,,-192.3918152
108,,-192.3918152,-189.1309509,-192.3918152,,,-192.3918152,-192.3918152,,-189.1309509,-189.1309509,,-192.3918152
109,,-192.3918152,-189.1309509,-192.3918152,,,-192.3918152,-192.3918152,,,-189.1309509,,-192.3918152
110,,-192.3918152,-189.1309509,-192.3918152,,,-192.3918152,-192.3918152,,-189.1309509,-189.1309509,,-192.3918152
111,,-192.3918152,-189.1309509,-192.3918152,,,-192.3918152,-192.3918152,,,-189.1309509,,-192.3918152
112,,-192.3918152,-189.1309509,-192.3918152,,,-192.3918152,-192.3918152,,-189.1309509,-189.1309509,,-192.3918152
113,,-192.3918152,-189.1309509,-192.3918152,,,-192.3918152,-192.3918152,,,-189.1309509,,-192.3918152
114,,-192.3918152,-189.1309509,-192.3918152,,,-192.3918152,-192.3918152,,-189.1309509,-189.1309509,,-192.3918152
115,,-192.3918152,-189.1309509,-192.3918152,,,-192.3918152,-192.3918152,,,-189.1309509,,-192.3918152
116,,-192.3918152,-189.1309509,-192.3918152,,,-192.3918152,-192.3918152,,-189.1309509,-189.1309509,,-192.3918152
117,,-192.3918152,-189.1309509,-192.3918152,,,-192.3918152,-192.3918152,,,-189.1309509,,-192.3918152
118,,,-189.1309509,-192.3918152,,,-192.3918152,-192.3918152,,-189.1309509,-189.1309509,,-192.3918152
119,,,-189.1309509,-192.3918152,,,-192.3918152,-192.3918152,,,-189.1309509,,-192.3918152
120,,,-189.1309509,-192.3918152,,,-192.3918152,-192.3918152,,-189.1309509,-189.1309509,,-192.3918152
121,,,-189.1309509,-192.3918152,,,-192.3918152,-192.3918152,,,-189.1309509,,-192.3918152
122,,,-189.1309509,-192.3918152,,,-192.3918152,-192.3918152,,-189.1309509,-189.1309509,,-192.3918152
123,,,-189.1309509,-192.3918152,,,-192.3918152,-192.3918152,,,-189.1309509,,
124,,,-189.1309509,-192.3918152,,,-192.3918152,-192.3918152,,-189.1309509,-189.1309509,,
125,,,-189.1309509,-192.3918152,,,-192.3918152,-192.3918152,,,-189.1309509,,
126,,,-189.1309509,-192.3918152,,,-192.3918152,-192.3918152,,-189.1309509,-189.1309509,,
127,,,-189.1309509,-192.3918152,,,-192.3918152,-192.3918152,,,-189.1309509,,
128,,,-189.1309509,-192.3918152,,,-192.3918152,-192.3918152,,-189.1309509,-189.1309509,,
129,,,-189.1309509,-192.3918152,,,-192.3918152,-192.3918152,,,-189.1309509,,
130,,,-189.1309509,-192.3918152,,,-192.3918152,-192.3918152,,-189.1309509,-189.1309509,,
131,,,-189.1309509,-192.3918152,,,-192.3918152,-192.3918152,,,-189.1309509,,
132,,,-189.1309509,-192.3918152,,,-192.3918152,-192.3918152,,-189.1309509,-189.1309509,,
133,,,-189.1309509,-192.3918152,,,-192.3918152,-192.3918152,,,-189.1309509,,
134,,,-189.1309509,-192.3918152,,,-192.3918152,-192.3918152,,-189.1309509,-189.1309509,,
135,,,-189.1309509,-192.3918152,,,-192.3918152,-192.3918152,,,-189.1309509,,
136,,,-189.1309509,-192.3918152,,,-192.3918152,-192.3918152,,-189.1309509,-189.1309509,,
137,,,-189.1309509,-192.3918152,,,-192.3918152,-192.3918152,,,-189.1309509,,
138,,,-189.1309509,-192.3918152,,,-192.3918152,-192.3918152,,-189.1309509,-189.1309509,,
139,,,-189.1309509,-192.3918152,,,-192.3918152,-192.3918152,,,-189.1309509,,
140,,,-189.1309509,-192.3918152,,,-192.3918152,-192.3918152,,-189.1309509,-189.1309509,,
141,,,-192.3918152,-192.3918152,,,-192.3918152,-192.3918152,,,-189.1309509,,
142,,,-192.3918152,-192.3918152,,,-192.3918152,-192.3918152,,-189.1309509,-189.1309509,,
143,,,-192.3918152,-192.3918152,,,-192.3918152,-192.3918152,,,-189.1309509,,
144,,,-192.3918152,-192.3918152,,,-192.3918152,-192.3918152,,-189.1309509,-189.1309509,,
145,,,-192.3918152,-192.3918152,,,-192.3918152,-192.3918152,,,-189.1309509,,
146,,,-192.3918152,-192.3918152,,,-192.3918152,-192.3918152,,-189.1309509,-189.1309509,,
147,,,-192.3918152,-192.3918152,,,-192.3918152,-192.3918152,,,-189.1309509,,
148,,,-192.3918152,-192.3918152,,,-192.3918152,-192.3918152,,-189.1309509,-189.1309509,,
149,,,-192.3918152,-192.3918152,,,-192.3918152,-192.3918152,,,-189.1309509,,
150,,,-192.3918152,-192.3918152,,,,-192.3918152,,-189.1309509,-189.1309509,,
151,,,-192.3918152,-192.3918152,,,,-192.3918152,,,-189.1309509,,
152,,,-192.3918152,-192.3918152,,,,-192.3918152,,-189.1309509,-189.1309509,,
153,,,-192.3918152,-192.3918152,,,,-192.3918152,,,-189.1309509,,
154,,,-192.3918152,-192.3918152,,,,-192.3918152,,-189.1309509,-189.1309509,,
155,,,-192.3918152,-192.3918152,,,,-192.3918152,,,-189.1309509,,
156,,,-192.3918152,-192.3918152,,,,-192.3918152,,-189.1309509,-189.1309509,,
157,,,-192.3918152,-192.3918152,,,,-192.3918152,,,-189.1309509,,
158,,,-192.3918152,-192.3918152,,,,-192.3918152,,-189.1309509,-189.1309509,,
159,,,-192.3918152,-192.3918152,,,,-192.3918152,,,-189.1309509,,
160,,,-192.3918152,-192.3918152,,,,-192.3918152,,-189.1309509,-189.1309509,,
161,,,-192.3918152,-192.3918152,,,,-192.3918152,,,-189.1309509,,
162,,,-192.3918152,-192.3918152,,,,-192.3918152,,-189.1309509,-189.1309509,,
163,,,-192.3918152,-192.3918152,,,,-192.3918152,,,-189.1309509,,
164,,,-192.3918152,-192.3918152,,,,-192.3918152,,-189.1309509,-189.1309509,,
165,,,-192.3918152,-192.3918152,,,,-192.3918152,,,-189.1309509,,
166,,,-192.3918152,-192.3918152,,,,-192.3918152,,-189.1309509,-189.1309509,,
167,,,-192.3918152,-192.3918152,,,,-192.3918152,,,-189.1309509,,
168,,,-192.3918152,-192.3918152,,,,-192.3918152,,-189.1309509,-189.1309509,,
169,,,-192.3918152,-192.3918152,,,,-192.3918152,,,-189.1309509,,
170,,,-192.3918152,-192.3918152,,,,-192.3918152,,-189.1309509,-189.1309509,,
171,,,-192.3918152,-192.3918152,,,,-192.3918152,,,-189.1309509,,
172,,,-192.3918152,-192.3918152,,,,-192.3918152,,-189.1309509,-189.1309509,,
173,,,-192.3918152,,,,,-192.3918152,,,-189.1309509,,
174,,,-192.3918152,,,,,-192.3918152,,-189.1309509,-189.1309509,,
175,,,-192.3918152,,,,,-192.3918152,,,-189.1309509,,
176,,,-192.3918152,,,,,-192.3918152,,-189.1309509,-189.1309509,,
177,,,-192.3918152,,,,,-192.3918152,,,-189.1309509,,
178,,,-192.3918152,,,,,-192.3918152,,-189.1309509,-189.1309509,,
179,,,-192.3918152,,,,,-192.3918152,,,-189.1309509,,
180,,,-192.3918152,,,,,-192.3918152,,-189.1309509,-189.1309509,,
181,,,-192.3918152,,,,,-192.3918152,,,-189.1309509,,
182,,,-192.3918152,,,,,-192.3918152,,-189.1309509,-189.1309509,,
183,,,-192.3918152,,,,,-192.3918152,,,-189.1309509,,
184,,,-192.3918152,,,,,-192.3918152,,-189.1309509,-189.1309509,,
185,,,-192.3918152,,,,,-192.3918152,,,-189.1309509,,
186,,,-192.3918152,,,,,-192.3918152,,-192.39182,-189.1309509,,
187,,,-192.3918152,,,,,-192.3918152,,,-189.1309509,,
188,,,-192.3918152,,,,,-192.3918152,,-192.39182,-189.1309509,,
189,,,-192.3918152,,,,,-192.3918152,,,-189.1309509,,
190,,,-192.3918152,,,,,-192.3918152,,-192.39182,-189.1309509,,
191,,,-192.3918152,,,,,-192.3918152,,,-189.1309509,,
192,,,-192.3918152,,,,,-192.3918152,,-192.39182,-189.1309509,,
193,,,-192.3918152,,,,,-192.3918152,,,-189.1309509,,
194,,,-192.3918152,,,,,-192.3918152,,-192.39182,-189.1309509,,
195,,,-192.3918152,,,,,-192.3918152,,,-189.1309509,,
196,,,-192.3918152,,,,,-192.3918152,,-192.39182,-189.1309509,,
197,,,-192.3918152,,,,,-192.3918152,,,-189.1309509,,
198,,,,,,,,-192.3918152,,-192.39182,-189.1309509,,
199,,,,,,,,-192.3918152,,,-189.1309509,,
200,,,,,,,,-192.3918152,,-192.39182,-189.1309509,,
201,,,,,,,,-192.3918152,,,-189.1309509,,
202,,,,,,,,-192.3918152,,-192.39182,-189.1309509,,
203,,,,,,,,-192.3918152,,,-189.1309509,,
204,,,,,,,,-192.3918152,,-192.39182,-189.1309509,,
205,,,,,,,,-192.3918152,,,-189.1309509,,
206,,,,,,,,-192.3918152,,-192.39182,-189.1309509,,
207,,,,,,,,-192.3918152,,,-189.1309509,,
208,,,,,,,,-192.3918152,,-192.39182,-189.1309509,,
209,,,,,,,,-192.3918152,,,-189.1309509,,
210,,,,,,,,-192.3918152,,-192.39182,-189.1309509,,
211,,,,,,,,-192.3918152,,,-189.1309509,,
212,,,,,,,,-192.3918152,,-192.39182,-189.1309509,,
213,,,,,,,,-192.3918152,,,-189.1309509,,
214,,,,,,,,-192.3918152,,-192.39182,-189.1309509,,
215,,,,,,,,-192.3918152,,,-189.1309509,,
216,,,,,,,,-192.3918152,,,-189.1309509,,
217,,,,,,,,-192.3918152,,,-189.1309509,,
218,,,,,,,,-192.3918152,,,-189.1309509,,
219,,,,,,,,-192.3918152,,,-189.1309509,,
220,,,,,,,,,,,,,
222,,,,,,,,,,,,,
224,,,,,,,,,,,,,
226,,,,,,,,,,,,,
228,,,,,,,,,,,,,
230,,,,,,,,,,,,,
232,,,,,,,,,,,,,
234,,,,,,,,,,,,,
236,,,,,,,,,,,,,
238,,,,,,,,,,,,,
240,,,,,,,,,,,,,
242,,,,,,,,,,,,,
244,,,,,,,,,,,,,
246,,,,,,,,,,,,,
248,,,,,,,,,,,,,
250,,,,,,,,,,,,,
252,,,,,,,,,,,,,
254,,,,,,,,,,,,,
256,,,,,,,,,,,,,
258,,,,,,,,,,,,,
260,,,,,,,,,,,,,
262,,,,,,,,,,,,,
264,,,,,,,,,,,,,
266,,,,,,,,,,,,,
268,,,,,,,,,,,,,
270,,,,,,,,,,,,,
272,,,,,,,,,,,,,
274,,,,,,,,,,,,,
276,,,,,,,,,,,,,
278,,,,,,,,,,,,,
280,,,,,,,,,,,,,
282,,,,,,,,,,,,,
284,,,,,,,,,,,,,
286,,,,,,,,,,,,,
288,,,,,,,,,,,,,
290,,,,,,,,,,,,,
292,,,,,,,,,,,,,
294,,,,,,,,,,,,,
296,,,,,,,,,,,,,
298,,,,,,,,,,,,,
300,,,,,,,,,,,,,
302,,,,,,,,,,,,,
304,,,,,,,,,,,,,
306,,,,,,,,,,,,,
308,,,,,,,,,,,,,
310,,,,,,,,,,,,,
312,,,,,,,,,,,,,
314,,,,,,,,,,,,,
316,,,,,,,,,,,,,
318,,,,,,,,,,,,,
320,,,,,,,,,,,,,
322,,,,,,,,,,,,,
324,,,,,,,,,,,,,
326,,,,,,,,,,,,,
328,,,,,,,,,,,,,
330,,,,,,,,,,,,,
332,,,,,,,,,,,,,
334,,,,,,,,,,,,,
336,,,,,,,,,,,,,
338,,,,,,,,,,,,,
340,,,,,,,,,,,,,
342,,,,,,,,,,,,,
344,,,,,,,,,,,,,
346,,,,,,,,,,,,,
348,,,,,,,,,,,,,
350,,,,,,,,,,,,,
352,,,,,,,,,,,,,
354,,,,,,,,,,,,,
356,,,,,,,,,,,,,
358,,,,,,,,,,,,,
360,,,,,,,,,,,,,
362,,,,,,,,,,,,,
364,,,,,,,,,,,,,
366,,,,,,,,,,,,,
368,,,,,,,,,,,,,
370,,,,,,,,,,,,,
372,,,,,,,,,,,,,
374,,,,,,,,,,,,,
376,,,,,,,,,,,,,
378,,,,,,,,,,,,,
380,,,,,,,,,,,,,
382,,,,,,,,,,,,,
384,,,,,,,,,,,,,
386,,,,,,,,,,,,,
388,,,,,,,,,,,,,
390,,,,,,,,,,,,,
392,,,,,,,,,,,,,
394,,,,,,,,,,,,,
396,,,,,,,,,,,,,
398,,,,,,,,,,,,,
400,,,,,,,,,,,,,
402,,,,,,,,,,,,,
404,,,,,,,,,,,,,
406,,,,,,,,,,,,,
408,,,,,,,,,,,,,
410,,,,,,,,,,,,,
412,,,,,,,,,,,,,
414,,,,,,,,,,,,,
416,,,,,,,,,,,,,
418,,,,,,,,,,,,,
420,,,,,,,,,,,,,
422,,,,,,,,,,,,,
424,,,,,,,,,,,,,
426,,,,,,,,,,,,,
428,,,,,,,,,,,,,
430,,,,,,,,,,,,,
432,,,,,,,,,,,,,
434,,,,,,,,,,,,,
436,,,,,,,,,,,,,
438,,,,,,,,,,,,,